{"rice": [549.7398563979236, 465.39044475016766, 463.1885564513299, 461.7831776730633, 507.71144516191004], "maize": [334.68950476054806, 328.14362434911084, 311.8178399354413, 304.02221007001134, 324.37633611659703], "chickpea": [877.0243608815935, 806.3608328396015, 829.2379535695128, 864.3806126133353, 933.5014414052544], "kidneybeans": [1312.2321965193908, 1220.190848070257, 1243.539973365231, 1298.4992938489859, 1286.1464581808577], "pigeonpeas": [965.4584572762797, 985.2700393101765, 1005.1441330070485, 970.7059891201626, 984.7781171824048], "mothbeans": [1143.476969525016, 1104.2522402284897, 1148.1855146458352, 1205.319694385795, 1243.1589969614588], "mungbean": [1414.0313077206908, 1467.1237457551902, 1323.1683465887838, 1259.8765993343782, 1332.3177939490038], "blackgram": [1088.44839738018, 1081.9955811593559, 919.375495347203, 1077.9400887708716, 1128.1029949086444], "lentil": [1151.9563326671214, 1155.607872248735, 1101.2573906815592, 1205.0563327235943, 1164.86483775243], "pomegranate": [1598.7113638928254, 1549.5802901582138, 1581.1899439845376, 1645.3313253151487, 1601.8817115293868], "banana": [613.0842667666965, 643.0596040185137, 616.0358399269521, 608.8986272528981, 652.4125611477438], "mango": [1360.8780960994786, 1111.4221815943881, 1259.2777244436945, 1217.239441133538, 1338.7649200474457], "grapes": [2218.22105538729, 2134.6545045013236, 2188.9280594125776, 2177.4335227715883, 2217.880077242392], "watermelon": [427.3868581032061, 388.92406012515096, 425.7819842641296, 422.0611292093843, 451.0960073822486], "muskmelon": [540.2665093178099, 545.9490587057613, 513.8950111148954, 574.2385643295036, 543.6516729782296], "apple": [1944.0723813359618, 2049.0331288478055, 1789.518161379408, 1834.4341059503786, 1795.4005116880385], "orange": [1463.2896040122616, 1382.2594991604901, 1480.846571292048, 1463.183283828284, 1571.3951056011229], "papaya": [864.2929233819034, 874.1339895658821, 806.9543841698239, 908.0256090282385, 843.4787239472621], "coconut": [3850.8545848458516, 3517.8020058613847, 3503.8054519682837, 3810.985400255105, 3284.7119058128683], "cotton": [1913.2418575884003, 1694.511302595064, 1758.9115040894023, 1747.308295218004, 1773.379644002847], "jute": [729.8134382085938, 654.5001590476676, 759.6398970818947, 759.3032511658411, 755.9959812085025], "coffee": [4270.545280209955, 4313.931507393711, 3955.261554156233, 3940.133027497798, 4428.663900550046]}